[
  {
    "value": "Action",
    "synonyms": [
      "Action",
      "액션",
      "액션 영화"
    ]
  },
  {
    "value": "Adventure",
    "synonyms": [
      "Adventure",
      "모험",
      "모험 영화",
      "모험영화",
      "어드밴처",
      "어드벤처",
      "어드벤처 영화",
      "어드벤처영화",
      "탐험",
      "탐험 영화",
      "탐험영화"
    ]
  },
  {
    "value": "Animation",
    "synonyms": [
      "Animation",
      "미국 애니",
      "미국애니",
      "애니",
      "애니 영화",
      "애니메",
      "애니메이션",
      "애니메이션 영화",
      "애니영화",
      "에니메이션영화",
      "일본 애니",
      "일본애니"
    ]
  },
  {
    "value": "Comedy",
    "synonyms": [
      "Comedy",
      "우스운 영화",
      "우스운영화",
      "웃긴 영화",
      "웃긴영화",
      "코메디",
      "코미디"
    ]
  },
  {
    "value": "Crime",
    "synonyms": [
      "Crime",
      "느와르",
      "느와르 영화",
      "느와르영화",
      "범죄",
      "범죄 영화",
      "범죄영화",
      "크라임",
      "크라임 영화",
      "크라임영화"
    ]
  },
  {
    "value": "Documentary",
    "synonyms": [
      "Documentary",
      "다큐",
      "다큐 영화",
      "다큐멘터리",
      "다큐멘터리 영화",
      "다큐멘터리영화",
      "다큐영화"
    ]
  },
  {
    "value": "Drama",
    "synonyms": [
      "Drama",
      "드라마",
      "드라마 영화",
      "드라마 장르",
      "드라마영화",
      "드라마장르",
      "바이오그래피",
      "바이오그래피 영화",
      "바이오그래피영화"
    ]
  },
  {
    "value": "Family",
    "synonyms": [
      "Family",
      "가족",
      "가족 영화",
      "가족 장르",
      "가족 장르 영화",
      "가족장르",
      "고모",
      "딸",
      "딸들",
      "삼촌",
      "아들",
      "아들들",
      "아빠",
      "엄마",
      "이모",
      "패밀리 영화",
      "할머니",
      "할아버지"
    ]
  },
  {
    "value": "Fantasy",
    "synonyms": [
      "Fantasy",
      "마법",
      "마술",
      "매직",
      "판타지",
      "판타지 장르",
      "판타지장르",
      "환상",
      "환타지",
      "환타지 장르",
      "환타지장르"
    ]
  },
  {
    "value": "HIstory",
    "synonyms": [
      "HIstory",
      "근대",
      "역사",
      "역사 영화",
      "역사영화",
      "옛날",
      "중세",
      "히스토리"
    ]
  },
  {
    "value": "Horror",
    "synonyms": [
      "Horror",
      "공포",
      "공포 영화",
      "무서운",
      "무서운 영화",
      "무서운영화",
      "호러",
      "호러 영화",
      "호러영화"
    ]
  },
  {
    "value": "Musical",
    "synonyms": [
      "Musical",
      "노래",
      "뮤지컬",
      "뮤지컬 영화",
      "뮤지컬영화",
      "음악",
      "음악 영화",
      "음악영화"
    ]
  },
  {
    "value": "Mystery",
    "synonyms": [
      "Mystery",
      "미스터리",
      "미스터리 장르",
      "미스테리",
      "살인",
      "살인 사건",
      "살인사건",
      "추리",
      "추리 물",
      "추리물",
      "탐정",
      "탐정 물",
      "탐정물"
    ]
  },
  {
    "value": "Romance",
    "synonyms": [
      "Romance",
      "낭만적인",
      "로맨스",
      "로맨스 영화",
      "로맨스영화",
      "사랑",
      "사랑 영화",
      "사랑영화",
      "심쿵",
      "연애",
      "예쁜 여자 주인공",
      "예쁜 여자주인공",
      "잘생긴 남자 주인공",
      "잘생긴 남자주인공"
    ]
  },
  {
    "value": "Science Fiction",
    "synonyms": [
      "SF",
      "SF 영화",
      "SF영화",
      "Science Fiction",
      "공상 과학",
      "공상과학",
      "공상과학영화",
      "과학",
      "미래",
      "우주"
    ]
  },
  {
    "value": "TV Movie",
    "synonyms": [
      "TV",
      "TV Movie",
      "극장판",
      "티비",
      "티비 무비",
      "티비 영화",
      "티비무비",
      "티비영화"
    ]
  },
  {
    "value": "Thriller",
    "synonyms": [
      "Thriller",
      "스릴러"
    ]
  },
  {
    "value": "War",
    "synonyms": [
      "War",
      "전쟁",
      "전쟁 영화",
      "전쟁영화"
    ]
  },
  {
    "value": "Western",
    "synonyms": [
      "Western",
      "서부",
      "서부 영화",
      "카우보이",
      "카우보이 영화"
    ]
  }
]