[
  {
    "id": "a6507218-549b-4c15-bae1-61491aab4e80",
    "data": [
      {
        "text": "드라마",
        "alias": "Genre_Name",
        "meta": "@Genre_Name",
        "userDefined": false
      },
      {
        "text": " 추천해줘",
        "userDefined": false
      }
    ],
    "isTemplate": false,
    "count": 0
  },
  {
    "id": "7c7689ae-a1ed-4843-822f-1557a3fdac67",
    "data": [
      {
        "text": "드라마 장르",
        "alias": "Genre_Name",
        "meta": "@Genre_Name",
        "userDefined": false
      },
      {
        "text": " 추천",
        "userDefined": false
      }
    ],
    "isTemplate": false,
    "count": 0
  },
  {
    "id": "0d8c1d8a-3cd6-43d5-8f5f-c38f15135f7f",
    "data": [
      {
        "text": "드라마",
        "alias": "Genre_Name",
        "meta": "@Genre_Name",
        "userDefined": false
      },
      {
        "text": " 추천",
        "userDefined": false
      }
    ],
    "isTemplate": false,
    "count": 0
  },
  {
    "id": "4feccfa1-3c62-47f0-b567-59268aabeedc",
    "data": [
      {
        "text": "드라마 영화",
        "userDefined": false
      }
    ],
    "isTemplate": false,
    "count": 0
  },
  {
    "id": "73e52cbb-abae-4e4e-9f00-cd0c4e6e9e24",
    "data": [
      {
        "text": "드라마 장르 추천해줘",
        "userDefined": false
      }
    ],
    "isTemplate": false,
    "count": 0
  },
  {
    "id": "b15d8989-08f0-4505-a231-d8097d595f27",
    "data": [
      {
        "text": "드라마 장르",
        "userDefined": false
      }
    ],
    "isTemplate": false,
    "count": 0
  },
  {
    "id": "69509aa0-8ace-4270-b68a-8d1a0d57c8d0",
    "data": [
      {
        "text": "드라마",
        "userDefined": false
      }
    ],
    "isTemplate": false,
    "count": 0
  }
]