[
  {
    "id": "7121c0a9-cd58-440f-89a4-d6062e0fc817",
    "data": [
      {
        "text": "액션 영화",
        "alias": "Genre_Name",
        "meta": "@Genre_Name",
        "userDefined": false
      },
      {
        "text": " 추천",
        "userDefined": false
      }
    ],
    "isTemplate": false,
    "count": 0
  },
  {
    "id": "286a1302-cdc5-48d2-9436-834729ce9c8b",
    "data": [
      {
        "text": "액션",
        "alias": "Genre_Name",
        "meta": "@Genre_Name",
        "userDefined": false
      },
      {
        "text": " 추천",
        "userDefined": false
      }
    ],
    "isTemplate": false,
    "count": 0
  },
  {
    "id": "5049e4f8-ebb3-4466-991d-daaeeaa6d66c",
    "data": [
      {
        "text": "액션 추천해줘",
        "userDefined": false
      }
    ],
    "isTemplate": false,
    "count": 0
  },
  {
    "id": "91d5811a-0e73-4aa4-b1a5-8d72f10e3571",
    "data": [
      {
        "text": "액션 영화 추천해줘",
        "userDefined": false
      }
    ],
    "isTemplate": false,
    "count": 0
  },
  {
    "id": "46a94817-253c-4512-9a63-cbc1fe718fe7",
    "data": [
      {
        "text": "때려부수는 영화",
        "userDefined": false
      }
    ],
    "isTemplate": false,
    "count": 0
  },
  {
    "id": "dc7c7fdd-8d25-4178-aa67-d2a20f45d2e4",
    "data": [
      {
        "text": "액션 영화 볼래",
        "userDefined": false
      }
    ],
    "isTemplate": false,
    "count": 0
  },
  {
    "id": "02f08a66-fb1d-431b-9703-ef53afe5e611",
    "data": [
      {
        "text": "액션",
        "userDefined": false
      }
    ],
    "isTemplate": false,
    "count": 0
  },
  {
    "id": "52e69e9b-52f0-4a0b-9d94-c7953ea165ba",
    "data": [
      {
        "text": "액션 영화",
        "userDefined": false
      }
    ],
    "isTemplate": false,
    "count": 0
  }
]