[
  {
    "id": "79957cc8-232f-427a-b545-692ee35b1ca4",
    "data": [
      {
        "text": "장르에는 뭐가 있어?",
        "userDefined": false
      }
    ],
    "isTemplate": false,
    "count": 0
  },
  {
    "id": "258e8c82-a1f5-41e7-98ad-e40e0a0a1064",
    "data": [
      {
        "text": "장르 보여줘",
        "userDefined": false
      }
    ],
    "isTemplate": false,
    "count": 0
  },
  {
    "id": "4df081e2-4d81-4174-813f-8190545c2c3c",
    "data": [
      {
        "text": "장르 볼래",
        "userDefined": false
      }
    ],
    "isTemplate": false,
    "count": 0
  },
  {
    "id": "f6f4c237-a9fb-4765-bb77-b665a13a5305",
    "data": [
      {
        "text": "장르 검색",
        "userDefined": false
      }
    ],
    "isTemplate": false,
    "count": 0
  },
  {
    "id": "be5170f3-35f5-4269-8490-663bd36fba37",
    "data": [
      {
        "text": "영화 장르",
        "userDefined": false
      }
    ],
    "isTemplate": false,
    "count": 0
  },
  {
    "id": "2de7bbbb-6f76-46c8-9764-68b4c298193b",
    "data": [
      {
        "text": "어떤 장르가 있어?",
        "userDefined": false
      }
    ],
    "isTemplate": false,
    "count": 1
  },
  {
    "id": "ea9c6172-f174-44b6-98a9-34929a6fe219",
    "data": [
      {
        "text": "장르 추천",
        "userDefined": false
      }
    ],
    "isTemplate": false,
    "count": 0
  },
  {
    "id": "41444f00-2207-4cf5-80f8-1155b463333b",
    "data": [
      {
        "text": "장르 종류",
        "userDefined": false
      }
    ],
    "isTemplate": false,
    "count": 0
  },
  {
    "id": "a57eb7a0-f53d-49c0-b08a-730e66609b44",
    "data": [
      {
        "text": "장르",
        "userDefined": false
      }
    ],
    "isTemplate": false,
    "count": 0
  }
]