[
  {
    "id": "fc1b3b9b-5fcc-49fc-a022-a100ac5a3751",
    "data": [
      {
        "text": "호러 영화",
        "alias": "Genre_Name",
        "meta": "@Genre_Name",
        "userDefined": false
      },
      {
        "text": " 추천해줘",
        "userDefined": false
      }
    ],
    "isTemplate": false,
    "count": 0
  },
  {
    "id": "9032da47-450e-402b-a864-fbf1ea439f8c",
    "data": [
      {
        "text": "호러",
        "alias": "Genre_Name",
        "meta": "@Genre_Name",
        "userDefined": false
      },
      {
        "text": " 추천해줘",
        "userDefined": false
      }
    ],
    "isTemplate": false,
    "count": 0
  },
  {
    "id": "dae6c9ed-1d24-414e-9a60-512556d74617",
    "data": [
      {
        "text": "호러 영화",
        "alias": "Genre_Name",
        "meta": "@Genre_Name",
        "userDefined": false
      },
      {
        "text": " 추천",
        "userDefined": false
      }
    ],
    "isTemplate": false,
    "count": 0
  },
  {
    "id": "f76704be-59e5-4ab4-a42d-8e0f30dabde1",
    "data": [
      {
        "text": "호러",
        "alias": "Genre_Name",
        "meta": "@Genre_Name",
        "userDefined": false
      },
      {
        "text": " 추천",
        "userDefined": false
      }
    ],
    "isTemplate": false,
    "count": 0
  },
  {
    "id": "594fdfd9-de25-47b0-a194-974d063c6a63",
    "data": [
      {
        "text": "공포 영화",
        "alias": "Genre_Name",
        "meta": "@Genre_Name",
        "userDefined": false
      },
      {
        "text": " 추천해줘",
        "userDefined": false
      }
    ],
    "isTemplate": false,
    "count": 0
  },
  {
    "id": "ab926501-802e-40ea-821e-c681d71c56f2",
    "data": [
      {
        "text": "공포",
        "alias": "Genre_Name",
        "meta": "@Genre_Name",
        "userDefined": false
      },
      {
        "text": " 추천해줘",
        "userDefined": false
      }
    ],
    "isTemplate": false,
    "count": 0
  },
  {
    "id": "055160c0-f353-4c34-961a-f8700419eb56",
    "data": [
      {
        "text": "공포",
        "alias": "Genre_Name",
        "meta": "@Genre_Name",
        "userDefined": false
      },
      {
        "text": " 추천",
        "userDefined": false
      }
    ],
    "isTemplate": false,
    "count": 0
  },
  {
    "id": "812d66e7-6fe6-4830-94fb-b4707d13887f",
    "data": [
      {
        "text": "공포 영화",
        "alias": "Genre_Name",
        "meta": "@Genre_Name",
        "userDefined": false
      },
      {
        "text": " 추천",
        "userDefined": false
      }
    ],
    "isTemplate": false,
    "count": 0
  }
]