[
  {
    "id": "b0bf93d3-1488-46ae-93a8-d0cf42ef9c5a",
    "data": [
      {
        "text": "티비 무비",
        "alias": "Genre_Name",
        "meta": "@Genre_Name",
        "userDefined": false
      },
      {
        "text": " 추천해줘",
        "userDefined": false
      }
    ],
    "isTemplate": false,
    "count": 0
  },
  {
    "id": "ee82747d-8e98-4614-abb9-7e4b86b98187",
    "data": [
      {
        "text": "티비 무비",
        "alias": "Genre_Name",
        "meta": "@Genre_Name",
        "userDefined": false
      },
      {
        "text": " 추천",
        "userDefined": false
      }
    ],
    "isTemplate": false,
    "count": 0
  },
  {
    "id": "238304f3-d9d1-49b8-b89f-fe8e74af13ad",
    "data": [
      {
        "text": "TV",
        "alias": "Genre_Name",
        "meta": "@Genre_Name",
        "userDefined": false
      },
      {
        "text": " 영화 추천해줘",
        "userDefined": false
      }
    ],
    "isTemplate": false,
    "count": 0
  },
  {
    "id": "43b59bcb-53f3-4a5c-ba87-53ba366d5987",
    "data": [
      {
        "text": "TV",
        "alias": "Genre_Name",
        "meta": "@Genre_Name",
        "userDefined": false
      },
      {
        "text": " 영화 추천",
        "userDefined": false
      }
    ],
    "isTemplate": false,
    "count": 0
  },
  {
    "id": "2a406fda-daaf-4b17-8fcd-7d1a26fba7d3",
    "data": [
      {
        "text": "티비 영화",
        "alias": "Genre_Name",
        "meta": "@Genre_Name",
        "userDefined": false
      },
      {
        "text": " 추천해줘",
        "userDefined": false
      }
    ],
    "isTemplate": false,
    "count": 0
  },
  {
    "id": "f74317cd-d293-47c8-b4f5-d6ceca9286f7",
    "data": [
      {
        "text": "티비 영화",
        "alias": "Genre_Name",
        "meta": "@Genre_Name",
        "userDefined": false
      },
      {
        "text": " 추천",
        "userDefined": false
      }
    ],
    "isTemplate": false,
    "count": 0
  },
  {
    "id": "52b42181-722d-4cf2-aad6-0fdac18b5567",
    "data": [
      {
        "text": "극장판",
        "alias": "Genre_Name",
        "meta": "@Genre_Name",
        "userDefined": false
      }
    ],
    "isTemplate": false,
    "count": 0
  },
  {
    "id": "e4c1fff3-c6e5-45f8-b9b6-489441b7985f",
    "data": [
      {
        "text": "티비 무비",
        "alias": "Genre_Name",
        "meta": "@Genre_Name",
        "userDefined": false
      }
    ],
    "isTemplate": false,
    "count": 0
  },
  {
    "id": "1c526a95-6c62-4e86-bb07-54a9c4172e55",
    "data": [
      {
        "text": "TV Movie",
        "alias": "Genre_Name",
        "meta": "@Genre_Name",
        "userDefined": false
      }
    ],
    "isTemplate": false,
    "count": 0
  },
  {
    "id": "22e901db-150f-47b2-9892-179c8c567134",
    "data": [
      {
        "text": "티비 영화",
        "alias": "Genre_Name",
        "meta": "@Genre_Name",
        "userDefined": false
      }
    ],
    "isTemplate": false,
    "count": 0
  }
]