[
  {
    "id": "4117062a-497c-473a-adfe-1ddb87d06090",
    "data": [
      {
        "text": "다큐 영화 추천해줘",
        "userDefined": false
      }
    ],
    "isTemplate": false,
    "count": 0
  },
  {
    "id": "66eeac11-4cad-4ee7-91d9-572a85c62403",
    "data": [
      {
        "text": "다큐멘터리",
        "alias": "Genre_Name",
        "meta": "@Genre_Name",
        "userDefined": false
      },
      {
        "text": " 추천해줘",
        "userDefined": false
      }
    ],
    "isTemplate": false,
    "count": 0
  },
  {
    "id": "26916620-2a0a-4379-9a95-359279c8b9d7",
    "data": [
      {
        "text": "다큐",
        "alias": "Genre_Name",
        "meta": "@Genre_Name",
        "userDefined": false
      },
      {
        "text": " 추천해줘",
        "userDefined": false
      }
    ],
    "isTemplate": false,
    "count": 0
  },
  {
    "id": "894e33a4-3d89-48c7-a184-76e9692bd842",
    "data": [
      {
        "text": "다큐",
        "alias": "Genre_Name",
        "meta": "@Genre_Name",
        "userDefined": false
      },
      {
        "text": " 추천",
        "userDefined": false
      }
    ],
    "isTemplate": false,
    "count": 0
  },
  {
    "id": "47e6415f-549c-4aa1-bac8-9480ffb794ef",
    "data": [
      {
        "text": "다큐멘터리",
        "alias": "Genre_Name",
        "meta": "@Genre_Name",
        "userDefined": false
      },
      {
        "text": " 추천",
        "userDefined": false
      }
    ],
    "isTemplate": false,
    "count": 0
  },
  {
    "id": "54809905-2a0b-404f-860a-ab9ed9fa74d2",
    "data": [
      {
        "text": "다큐 영화",
        "alias": "Genre_Name",
        "meta": "@Genre_Name",
        "userDefined": false
      },
      {
        "text": " 추천",
        "userDefined": false
      }
    ],
    "isTemplate": false,
    "count": 0
  },
  {
    "id": "4b5c59fd-233a-477e-b656-a6aba2d9500f",
    "data": [
      {
        "text": "documentary",
        "userDefined": false
      }
    ],
    "isTemplate": false,
    "count": 1
  },
  {
    "id": "1b5881c4-445d-46ec-9941-25f7ee05a32e",
    "data": [
      {
        "text": "다큐 영화",
        "userDefined": false
      }
    ],
    "isTemplate": false,
    "count": 0
  },
  {
    "id": "125007c8-23f1-4868-a445-c3dc833208a9",
    "data": [
      {
        "text": "다큐",
        "userDefined": false
      }
    ],
    "isTemplate": false,
    "count": 0
  },
  {
    "id": "10cba08b-3c1b-4df0-83b0-d973dead5497",
    "data": [
      {
        "text": "다큐멘터리 영화",
        "userDefined": false
      }
    ],
    "isTemplate": false,
    "count": 0
  },
  {
    "id": "1204ad9f-0b83-47d3-b844-bcd95d651bbe",
    "data": [
      {
        "text": "다큐멘터리",
        "userDefined": false
      }
    ],
    "isTemplate": false,
    "count": 0
  }
]