[
  {
    "id": "b3a24a5e-689f-4ba9-9f4b-9c20fe483a26",
    "data": [
      {
        "text": "스릴러",
        "alias": "Genre_Name",
        "meta": "@Genre_Name",
        "userDefined": false
      },
      {
        "text": " 영화 추천해줘",
        "userDefined": false
      }
    ],
    "isTemplate": false,
    "count": 0
  },
  {
    "id": "fabba4d7-5cfd-4c0e-8c22-2391cbfe4360",
    "data": [
      {
        "text": "스릴러",
        "alias": "Genre_Name",
        "meta": "@Genre_Name",
        "userDefined": false
      },
      {
        "text": " 추천해줘",
        "userDefined": false
      }
    ],
    "isTemplate": false,
    "count": 0
  },
  {
    "id": "ed0d8cfd-4384-4d25-8b36-c3d0554ff84a",
    "data": [
      {
        "text": "스릴러",
        "alias": "Genre_Name",
        "meta": "@Genre_Name",
        "userDefined": false
      },
      {
        "text": " 영화 추천",
        "userDefined": false
      }
    ],
    "isTemplate": false,
    "count": 0
  },
  {
    "id": "48fbccd1-9781-4924-a112-3da29d307236",
    "data": [
      {
        "text": "스릴러",
        "alias": "Genre_Name",
        "meta": "@Genre_Name",
        "userDefined": false
      },
      {
        "text": " 추천",
        "userDefined": false
      }
    ],
    "isTemplate": false,
    "count": 0
  },
  {
    "id": "56e694a8-075b-47c8-bbfb-7384fb849361",
    "data": [
      {
        "text": "스릴러",
        "alias": "Genre_Name",
        "meta": "@Genre_Name",
        "userDefined": false
      }
    ],
    "isTemplate": false,
    "count": 0
  }
]