[
  {
    "id": "8532f17d-2450-4496-90f0-a178e93aa0ea",
    "data": [
      {
        "text": "코미디",
        "alias": "Genre_Name",
        "meta": "@Genre_Name",
        "userDefined": false
      },
      {
        "text": " 영화 추천해줘",
        "userDefined": false
      }
    ],
    "isTemplate": false,
    "count": 0
  },
  {
    "id": "221b27c0-0f79-43d9-b9eb-32c467c98407",
    "data": [
      {
        "text": "웃긴 영화",
        "alias": "Genre_Name",
        "meta": "@Genre_Name",
        "userDefined": false
      },
      {
        "text": " 추천해줘",
        "userDefined": false
      }
    ],
    "isTemplate": false,
    "count": 0
  },
  {
    "id": "eb467da1-1217-4351-9134-9b445e86e602",
    "data": [
      {
        "text": "코미디",
        "alias": "Genre_Name",
        "meta": "@Genre_Name",
        "userDefined": false
      },
      {
        "text": " 추천해줘",
        "userDefined": false
      }
    ],
    "isTemplate": false,
    "count": 0
  },
  {
    "id": "1b85b8d5-8e10-4f01-9888-9c6c96d2c00e",
    "data": [
      {
        "text": "재밌는 영화 추천",
        "userDefined": false
      }
    ],
    "isTemplate": false,
    "count": 0
  },
  {
    "id": "24a5d47f-abe7-4657-bec7-d125bbcea8a0",
    "data": [
      {
        "text": "코미디 영화 추천",
        "userDefined": false
      }
    ],
    "isTemplate": false,
    "count": 1
  },
  {
    "id": "2c0402f6-71e1-4522-a5ee-90b59b2755c4",
    "data": [
      {
        "text": "웃긴 영화",
        "alias": "Genre_Name",
        "meta": "@Genre_Name",
        "userDefined": false
      },
      {
        "text": " 추천",
        "userDefined": false
      }
    ],
    "isTemplate": false,
    "count": 0
  },
  {
    "id": "66d6073b-bd13-4ccb-ad8c-97c22855c4a6",
    "data": [
      {
        "text": "코미디",
        "alias": "Genre_Name",
        "meta": "@Genre_Name",
        "userDefined": false
      },
      {
        "text": " 추천",
        "userDefined": false
      }
    ],
    "isTemplate": false,
    "count": 0
  },
  {
    "id": "2d9bcf62-1f92-43ae-a2a3-79fa3285f3b8",
    "data": [
      {
        "text": "코미디 영화",
        "userDefined": false
      }
    ],
    "isTemplate": false,
    "count": 0
  },
  {
    "id": "12d1e495-897b-404b-b0f5-da3b7c7376f6",
    "data": [
      {
        "text": "웃긴 영화",
        "userDefined": false
      }
    ],
    "isTemplate": false,
    "count": 0
  },
  {
    "id": "f3d6507d-8d5d-4a52-bbeb-52f7ea88bc90",
    "data": [
      {
        "text": "재밌는 영화",
        "userDefined": false
      }
    ],
    "isTemplate": false,
    "count": 1
  },
  {
    "id": "9473ba32-cbb2-40e7-aa2e-e8f30de9f2f8",
    "data": [
      {
        "text": "코미디 장르 영화 알려줘",
        "userDefined": false
      }
    ],
    "isTemplate": false,
    "count": 0
  },
  {
    "id": "699dd837-4e98-49f8-aaff-4a5e1377757d",
    "data": [
      {
        "text": "코미디",
        "userDefined": false
      }
    ],
    "isTemplate": false,
    "count": 0
  },
  {
    "id": "2c18bd59-2516-4c1c-a030-4b8fb121bda0",
    "data": [
      {
        "text": "재미있는 영화 추천해줘",
        "userDefined": false
      }
    ],
    "isTemplate": false,
    "count": 0
  },
  {
    "id": "6292da50-e8ec-4821-bc29-7b63cff32932",
    "data": [
      {
        "text": "재밌는 영화 장르로 추천",
        "userDefined": false
      }
    ],
    "isTemplate": false,
    "count": 0
  },
  {
    "id": "68dceaf8-d227-4127-8009-f64f47237596",
    "data": [
      {
        "text": "웃긴 영화 좀 알려줘",
        "userDefined": false
      }
    ],
    "isTemplate": false,
    "count": 0
  },
  {
    "id": "7660aad6-01e1-4d36-abb0-4fa79ed00a72",
    "data": [
      {
        "text": "코미디 영화 추천 부탁해",
        "userDefined": false
      }
    ],
    "isTemplate": false,
    "count": 1
  }
]