[
  {
    "id": "75e78657-cd4c-4b1f-8e50-c5e3780af80d",
    "data": [
      {
        "text": "애니",
        "alias": "Genre_Name",
        "meta": "@Genre_Name",
        "userDefined": false
      },
      {
        "text": " 추천",
        "userDefined": false
      }
    ],
    "isTemplate": false,
    "count": 0
  },
  {
    "id": "34f40372-6a34-4ad8-b408-82c9e09cbf52",
    "data": [
      {
        "text": "만화 추천",
        "userDefined": false
      }
    ],
    "isTemplate": false,
    "count": 0
  },
  {
    "id": "9a616585-11fa-421a-91de-61bf1895589c",
    "data": [
      {
        "text": "만화 추천해줘",
        "userDefined": false
      }
    ],
    "isTemplate": false,
    "count": 0
  },
  {
    "id": "1f233b87-74f7-4db4-bda6-352d21c3789a",
    "data": [
      {
        "text": "애니메이션",
        "alias": "Genre_Name",
        "meta": "@Genre_Name",
        "userDefined": false
      },
      {
        "text": " 추천해줘",
        "userDefined": false
      }
    ],
    "isTemplate": false,
    "count": 0
  },
  {
    "id": "e42158f4-1023-4f1b-b8ce-b5da26ab8722",
    "data": [
      {
        "text": "만화 장르",
        "userDefined": false
      }
    ],
    "isTemplate": false,
    "count": 0
  },
  {
    "id": "fdd4c248-d83d-4bad-a550-103e2ab15c6b",
    "data": [
      {
        "text": "만화",
        "userDefined": false
      }
    ],
    "isTemplate": false,
    "count": 0
  },
  {
    "id": "32516c9e-8362-4391-b043-2553310df3d4",
    "data": [
      {
        "text": "애니메",
        "userDefined": false
      }
    ],
    "isTemplate": false,
    "count": 0
  },
  {
    "id": "a07e80af-f280-40e7-a1fb-ea9ff3a59fd7",
    "data": [
      {
        "text": "한국",
        "meta": "@sys.ignore",
        "userDefined": false
      },
      {
        "text": " 애니",
        "userDefined": false
      }
    ],
    "isTemplate": false,
    "count": 0
  },
  {
    "id": "e133dc6d-aea7-4e4f-8f19-77509a8caeed",
    "data": [
      {
        "text": "미국",
        "meta": "@sys.ignore",
        "userDefined": false
      },
      {
        "text": " 애니",
        "userDefined": false
      }
    ],
    "isTemplate": false,
    "count": 0
  },
  {
    "id": "5c92c5f1-861e-4301-b29a-2e3153e77327",
    "data": [
      {
        "text": "일본 애니",
        "userDefined": false
      }
    ],
    "isTemplate": false,
    "count": 0
  },
  {
    "id": "6b051036-c2d1-4eba-b09e-c75a14945cc0",
    "data": [
      {
        "text": "애니메이션 영화",
        "alias": "Genre_Name",
        "meta": "@Genre_Name",
        "userDefined": false
      },
      {
        "text": " 추천해줘",
        "userDefined": false
      }
    ],
    "isTemplate": false,
    "count": 0
  },
  {
    "id": "f349b619-15ee-46b2-afbb-7c3c2a76ab0b",
    "data": [
      {
        "text": "애니메이션 영화",
        "alias": "Genre_Name",
        "meta": "@Genre_Name",
        "userDefined": false
      },
      {
        "text": " 추천",
        "userDefined": false
      }
    ],
    "isTemplate": false,
    "count": 0
  },
  {
    "id": "35983ef7-17ae-4d6e-9cbb-3279ad33c81d",
    "data": [
      {
        "text": "애니 영화",
        "alias": "Genre_Name",
        "meta": "@Genre_Name",
        "userDefined": false
      },
      {
        "text": " 추천해줘",
        "userDefined": false
      }
    ],
    "isTemplate": false,
    "count": 0
  },
  {
    "id": "3adbe23d-c8c2-4cda-ada3-f0b8e960a8fc",
    "data": [
      {
        "text": "애니 영화",
        "alias": "Genre_Name",
        "meta": "@Genre_Name",
        "userDefined": false
      },
      {
        "text": " 추천",
        "userDefined": false
      }
    ],
    "isTemplate": false,
    "count": 0
  },
  {
    "id": "0c3b0dd1-6fb9-4c23-9e8c-f4be793055da",
    "data": [
      {
        "text": "일본 애니 볼래",
        "userDefined": false
      }
    ],
    "isTemplate": false,
    "count": 0
  },
  {
    "id": "0d0141eb-012f-411b-b246-5bc50ab64ded",
    "data": [
      {
        "text": "애니 추천해줘",
        "userDefined": false
      }
    ],
    "isTemplate": false,
    "count": 0
  },
  {
    "id": "2fcbf720-7831-4c1b-9ba6-47b3aed5e09d",
    "data": [
      {
        "text": "애니 볼래",
        "userDefined": false
      }
    ],
    "isTemplate": false,
    "count": 0
  },
  {
    "id": "8695b805-e22e-45f3-9731-eb733381cfd8",
    "data": [
      {
        "text": "애니 영화",
        "userDefined": false
      }
    ],
    "isTemplate": false,
    "count": 0
  },
  {
    "id": "c91ac8f6-e47a-4cf4-a9d9-5caed26721e6",
    "data": [
      {
        "text": "애니",
        "userDefined": false
      }
    ],
    "isTemplate": false,
    "count": 0
  },
  {
    "id": "6c217eba-067e-44bc-af07-3b63acda621a",
    "data": [
      {
        "text": "애니메이션",
        "userDefined": false
      }
    ],
    "isTemplate": false,
    "count": 0
  }
]