[
  {
    "id": "f5d368db-3f36-4211-93a5-f7073395509c",
    "data": [
      {
        "text": "전쟁 영화",
        "alias": "Genre_Name",
        "meta": "@Genre_Name",
        "userDefined": false
      },
      {
        "text": " 추천해줘",
        "userDefined": false
      }
    ],
    "isTemplate": false,
    "count": 0
  },
  {
    "id": "752791bb-4ccc-48b9-9b8a-0afa3309b2bd",
    "data": [
      {
        "text": "전쟁",
        "alias": "Genre_Name",
        "meta": "@Genre_Name",
        "userDefined": false
      },
      {
        "text": " 추천해줘",
        "userDefined": false
      }
    ],
    "isTemplate": false,
    "count": 0
  },
  {
    "id": "751b76cf-fdb0-40e7-b9f4-6abddafd3b80",
    "data": [
      {
        "text": "전쟁 영화",
        "alias": "Genre_Name",
        "meta": "@Genre_Name",
        "userDefined": false
      },
      {
        "text": " 추천",
        "userDefined": false
      }
    ],
    "isTemplate": false,
    "count": 0
  },
  {
    "id": "d8850590-9813-466f-b7de-6a345a426009",
    "data": [
      {
        "text": "전쟁",
        "alias": "Genre_Name",
        "meta": "@Genre_Name",
        "userDefined": false
      },
      {
        "text": " 추천",
        "userDefined": false
      }
    ],
    "isTemplate": false,
    "count": 0
  },
  {
    "id": "214851ae-1ea0-4866-866d-dc75c6719541",
    "data": [
      {
        "text": "전쟁",
        "alias": "Genre_Name",
        "meta": "@Genre_Name",
        "userDefined": false
      }
    ],
    "isTemplate": false,
    "count": 0
  },
  {
    "id": "3a1b3987-a13c-4720-b3cc-90e6d0b8ffca",
    "data": [
      {
        "text": "전쟁 영화",
        "alias": "Genre_Name",
        "meta": "@Genre_Name",
        "userDefined": false
      }
    ],
    "isTemplate": false,
    "count": 0
  }
]