[
  {
    "id": "6134a22b-f7e3-4957-85f9-ada9db78d078",
    "data": [
      {
        "text": "인기",
        "alias": "Popular_Search",
        "meta": "@Popular_Search",
        "userDefined": false
      },
      {
        "text": " 추천해줘",
        "userDefined": false
      }
    ],
    "isTemplate": false,
    "count": 0
  },
  {
    "id": "fab67f33-d91f-4a97-8afd-21b033dcccad",
    "data": [
      {
        "text": "인기",
        "alias": "Popular_Search",
        "meta": "@Popular_Search",
        "userDefined": false
      },
      {
        "text": " 추천",
        "userDefined": false
      }
    ],
    "isTemplate": false,
    "count": 0
  },
  {
    "id": "832d05b9-9c5b-4d65-9ae4-7efa8ffc9189",
    "data": [
      {
        "text": "인기",
        "alias": "Popular_Search",
        "meta": "@Popular_Search",
        "userDefined": false
      },
      {
        "text": " 영화 추천해줘",
        "userDefined": false
      }
    ],
    "isTemplate": false,
    "count": 0
  },
  {
    "id": "45fc6871-6f8d-4f06-b93c-5796b3a1626e",
    "data": [
      {
        "text": "인기",
        "alias": "Popular_Search",
        "meta": "@Popular_Search",
        "userDefined": false
      },
      {
        "text": " 영화 추천",
        "userDefined": false
      }
    ],
    "isTemplate": false,
    "count": 0
  }
]