[
  {
    "id": "3ba82842-e8d0-4bf3-a974-6c126ef1c1d0",
    "data": [
      {
        "text": "방법",
        "userDefined": false
      }
    ],
    "isTemplate": false,
    "count": 0
  },
  {
    "id": "34e54887-7d29-4a58-a2d2-a7043674e9c8",
    "data": [
      {
        "text": "도와줘",
        "userDefined": false
      }
    ],
    "isTemplate": false,
    "count": 0
  },
  {
    "id": "f6429235-2ae3-4704-b5ae-6d5ae4eeaea7",
    "data": [
      {
        "text": "help",
        "userDefined": false
      }
    ],
    "isTemplate": false,
    "count": 0
  },
  {
    "id": "f7ea8b20-e5e1-4c6f-bc2b-834dc5ac73ae",
    "data": [
      {
        "text": "도움",
        "userDefined": false
      }
    ],
    "isTemplate": false,
    "count": 0
  },
  {
    "id": "bedda9c7-6299-4c91-9804-5eafa9414155",
    "data": [
      {
        "text": "설명",
        "userDefined": false
      }
    ],
    "isTemplate": false,
    "count": 1
  },
  {
    "id": "fe83c73f-5898-4435-a105-fc252cba6311",
    "data": [
      {
        "text": "검색 방법",
        "userDefined": false
      }
    ],
    "isTemplate": false,
    "count": 0
  },
  {
    "id": "87cb8f75-6373-447d-8fd5-f24a425ebb21",
    "data": [
      {
        "text": "검색 어떻게 해",
        "userDefined": false
      }
    ],
    "isTemplate": false,
    "count": 0
  },
  {
    "id": "8231e173-267a-414b-8306-20da5c4da2a6",
    "data": [
      {
        "text": "검색",
        "userDefined": false
      }
    ],
    "isTemplate": false,
    "count": 0
  },
  {
    "id": "592afcda-4129-4da9-b6c7-f9e4261442e2",
    "data": [
      {
        "text": "영화 볼래",
        "userDefined": false
      }
    ],
    "isTemplate": false,
    "count": 0
  },
  {
    "id": "0d6f41df-56d9-446e-90e4-3c8b49fd8416",
    "data": [
      {
        "text": "영화",
        "userDefined": false
      }
    ],
    "isTemplate": false,
    "count": 0
  },
  {
    "id": "ed337b73-6492-4d6f-8590-01abe0b689b6",
    "data": [
      {
        "text": "영화 보여줘",
        "userDefined": false
      }
    ],
    "isTemplate": false,
    "count": 0
  },
  {
    "id": "ade85379-f8ab-45c0-85fc-4ad6770728a6",
    "data": [
      {
        "text": "영화 검색",
        "userDefined": false
      }
    ],
    "isTemplate": false,
    "count": 0
  }
]