[
  {
    "id": "acd668cc-899a-4931-b484-5b7288f2a642",
    "data": [
      {
        "text": "장르로 검색",
        "userDefined": false
      }
    ],
    "isTemplate": false,
    "count": 0
  },
  {
    "id": "bd2b3fab-21ba-4614-b09a-4426563c3826",
    "data": [
      {
        "text": "영화 장르로 검색",
        "userDefined": false
      }
    ],
    "isTemplate": false,
    "count": 0
  },
  {
    "id": "e4a06e8d-01dc-4369-b4b6-c76bb316140c",
    "data": [
      {
        "text": "장르별 영화 검색",
        "userDefined": false
      }
    ],
    "isTemplate": false,
    "count": 0
  },
  {
    "id": "6ca1d364-864a-4568-b18e-9be356d7577f",
    "data": [
      {
        "text": "장르별 검색",
        "userDefined": false
      }
    ],
    "isTemplate": false,
    "count": 0
  },
  {
    "id": "1fe93035-ee00-4658-a9d9-c32a2aa82288",
    "data": [
      {
        "text": "장르 검색",
        "userDefined": false
      }
    ],
    "isTemplate": false,
    "count": 0
  },
  {
    "id": "8734b482-7ddb-4c35-9ffc-70746f7c5c57",
    "data": [
      {
        "text": "장르",
        "userDefined": false
      }
    ],
    "isTemplate": false,
    "count": 0
  }
]