[
  {
    "id": "909b4257-496b-4161-8e91-05244c14279d",
    "data": [
      {
        "text": "아바타",
        "alias": "Title_Name",
        "meta": "@Title_Name",
        "userDefined": false
      },
      {
        "text": " 검색",
        "userDefined": false
      }
    ],
    "isTemplate": false,
    "count": 0
  },
  {
    "id": "db5e5b0b-8d91-45b7-87ac-17c1d8f4beb3",
    "data": [
      {
        "text": "타이타닉",
        "alias": "Title_Name",
        "meta": "@Title_Name",
        "userDefined": false
      },
      {
        "text": " 볼래",
        "userDefined": false
      }
    ],
    "isTemplate": false,
    "count": 0
  },
  {
    "id": "a5019078-a60c-4feb-8a5d-ed41d1099e6d",
    "data": [
      {
        "text": "아바타",
        "alias": "Title_Name",
        "meta": "@Title_Name",
        "userDefined": false
      }
    ],
    "isTemplate": false,
    "count": 0
  },
  {
    "id": "8aa4943e-a81a-4a1c-82e2-2b6770e0bf16",
    "data": [
      {
        "text": "타이타닉",
        "alias": "Title_Name",
        "meta": "@Title_Name",
        "userDefined": false
      }
    ],
    "isTemplate": false,
    "count": 0
  }
]