[
  {
    "id": "eb7d8693-b3bd-42d2-b160-7952e7254d20",
    "data": [
      {
        "text": "1970",
        "alias": "Year_List",
        "meta": "@Year_List",
        "userDefined": false
      },
      {
        "text": "년대 영화 보여줘",
        "userDefined": false
      }
    ],
    "isTemplate": false,
    "count": 0
  },
  {
    "id": "d227c17f-0346-4826-bbd7-7f5f2a603974",
    "data": [
      {
        "text": "2019",
        "alias": "Year_List",
        "meta": "@Year_List",
        "userDefined": false
      },
      {
        "text": "년에 개봉",
        "userDefined": false
      },
      {
        "text": "한",
        "meta": "@sys.ignore",
        "userDefined": false
      },
      {
        "text": " 영화",
        "userDefined": false
      }
    ],
    "isTemplate": false,
    "count": 0
  }
]